date,ret_pct,realized_var,pred_var,pred_vol,VaR_1,VaR_5,std_resid,squared_std_resid
2017-03-09,0.12670934887378998,0.016055259092019825,0.31146481098790646,0.5580903251158422,-1.298312241356001,-0.9179768954333196,0.2270409343639653,0.0515475858768624
2017-03-10,0.34983161777092997,0.12238216079222605,0.2934824180497832,0.541740175775974,-1.2602761061989485,-0.8910832929904392,0.6457553517603538,0.4169999743271383
2017-03-13,0.05045904981342,0.0025461157080732006,0.27790762783290257,0.5271694488804359,-1.226379526662284,-0.8671165800089939,0.0957169462695178,0.009161733803161756
2017-03-14,-0.38341418007997996,0.1470064334864033,0.26442639502613896,0.5142240708350193,-1.196264073967674,-0.8458233279787325,-0.7456169437136139,0.5559446267528304
2017-03-15,0.8616352698876201,0.7424153383143118,0.29400718729426484,0.5422242961121023,-1.2614023385136806,-0.8918796000812008,1.5890753624759761,2.525160507628155
2017-03-16,-0.19690403080837998,0.03877119734858745,0.27836213747036814,0.5276003577238819,-1.2273819705341398,-0.8678253619830216,-0.3732067803324522,0.13928330088611524
2017-03-17,-0.17575359833506,0.0308893273277216,0.2785132768937322,0.527743571153389,-1.2277151347914077,-0.8680609271119745,-0.3330284023184758,0.11090791675079657
2017-03-20,-0.10974759046850999,0.012044533613643785,0.27645409152593925,0.525789018072781,-1.2231681643876353,-0.8648459733882672,-0.2087293319110717,0.04356793400004234
2017-03-21,-1.29226664551138,1.6699530831012348,0.2690613635601018,0.5187112525867371,-1.2067028196962175,-0.853204085157836,-2.4913025099552697,6.2065881961094265
2017-03-22,0.23503206723809,0.05524007263021006,0.6444206457056114,0.8027581489499882,-1.8674947131787656,-1.3204196528652385,0.29278066818195886,0.0857205196610743
2017-03-23,-0.10674309334657,0.011394087977194559,0.5818599045755497,0.7627974204043625,-1.774532157281526,-1.254690103581343,-0.13993635858126655,0.019582184452984812
2017-03-24,-0.07266759702,0.005280579656661113,0.5333662559373016,0.7303192835584321,-1.6989767126771884,-1.201268322393688,-0.09950113416960862,0.009900475701038457
2017-03-27,-0.10268661897531998,0.010544541716582546,0.48923964241124906,0.6994566765792211,-1.627179552543743,-1.150503851366755,-0.14680911972635893,0.021552917634828393
2017-03-28,0.72503709454263,0.5256787884628186,0.45286762911930517,0.672954403447444,-1.5655260457863835,-1.1069114912834928,1.0773940861793523,1.1607780169342417
2017-03-29,0.09345122036066,0.008733130586896634,0.4159532836376043,0.6449444035245242,-1.500365042013815,-1.0608391413193679,0.14489810261157882,0.020995460140435625
2017-03-30,0.31791508312215,0.10107000007656354,0.3839812769725697,0.6196622281312374,-1.4415499070365145,-1.0192536634264966,0.5130457670155413,0.26321595905256506
2017-03-31,-0.23302293055502,0.05429968616444967,0.3562898958346933,0.5969002394325984,-1.388597603018494,-0.981813523758912,-0.39038840188190743,0.15240310432390966
2017-04-03,-0.17408859678207,0.030306839529550156,0.3501882601216439,0.5917670657629097,-1.3766560553649314,-0.9733702044305527,-0.2941843283516191,0.08654441904769325
2017-04-04,0.06369530999350001,0.004057092515168062,0.3383684347140376,0.5816944513350953,-1.3532236502047523,-0.9568022280560785,0.1094996004299295,0.011990162494314217
2017-04-05,-0.29769243537351,0.08862078607861142,0.3167840051661483,0.5628356822076478,-1.3093515927380877,-0.9257823132569559,-0.5289153562649958,0.2797514540929274
2017-04-06,0.28072045296676,0.07880397271386293,0.32484564231513524,0.5699523158257498,-1.325907358225887,-0.9374881338753758,0.4925332263279794,0.2425889790370486
2017-04-07,-0.10198220839097,0.010400370828299232,0.305071734419755,0.5523329923332074,-1.2849186824769732,-0.9085069257242362,-0.18463899460390537,0.034091558328340994
2017-04-10,0.05948356727802,0.0035382947761187313,0.2933096179215458,0.541580666126059,-1.25990503126398,-0.8908209229642428,0.10983325476425801,0.012063343852110405
2017-04-11,-0.11902499676654,0.01416694985527486,0.277757963338527,0.5270274787319225,-1.2260492547091122,-0.8668830598952928,-0.22584210799202598,0.051004657742281925
2017-04-12,-0.43913734440028,0.19284160724693014,0.2708669456865451,0.5204487925690146,-1.2107449421400496,-0.8560620840996582,-0.8437666695942,0.7119421927180879
2017-04-13,-0.65162600155161,0.42461644589813885,0.3106961734933598,0.5574012679330392,-1.296709254643695,-0.9168434972270092,-1.1690429122416168,1.3666613306623607
2017-04-17,0.8821187224249599,0.7781334404526435,0.39970262017058533,0.632220388923503,-1.4707645576974646,-1.0399099997534944,1.3952709179894767,1.946780934587197
2017-04-18,-0.29889402844522,0.08933764024021199,0.3699063607333985,0.6081992771562611,-1.4148830954056442,-1.00039878693974,-0.4914409465311267,0.24151420392740972
2017-04-19,-0.18404466849846,0.03387244000270803,0.3710373672131643,0.6091283667776147,-1.4170444810710736,-1.0019270033731864,-0.3021443074012221,0.09129118249496421
2017-04-20,0.81060831723718,0.6570858439740926,0.35742625140143436,0.5978513622978828,-1.3908102456741003,-0.9833779816535515,1.3558693152785521,1.83838160011393
2017-04-21,-0.31917055104145997,0.1018698406521092,0.3332902342269484,0.577312943062035,-1.343030737748626,-0.9495952882816172,-0.5528553531964787,0.3056490415580032
2017-04-24,1.09378018982839,1.1963551036610292,0.34248331597804577,0.5852207412404705,-1.3614270272293736,-0.9626024587966172,1.8690044845470533,3.493177763256996
2017-04-25,0.58016332568078,0.3365894844649828,0.3203479586774983,0.565992896313636,-1.3166963710614452,-0.930975468330253,1.0250364085122574,1.0506996387757075
2017-04-26,-0.06288270701126,0.003954234841063968,0.30117623067010757,0.5487952538698814,-1.276688672123902,-0.9026878637816286,-0.11458318301376821,0.013129305829566701
2017-04-27,0.08386678356711,0.007033637385892471,0.2876178168450715,0.5363001182594234,-1.247620639960661,-0.8821351946535162,0.15638031898874444,0.024454804167021463
2017-04-28,-0.21816906627405,0.04759774147889082,0.2728282185583221,0.5223296072005895,-1.2151203712596788,-0.8591557488680277,-0.41768466360411927,0.17446047821008628
2017-05-01,0.25168282487033,0.0633442443347092,0.27611438336355276,0.5254658726916076,-1.2224164158171364,-0.8643144465360115,0.47897082941110614,0.22941305542676294
2017-05-02,0.03769600640932,0.0014209888992114945,0.26286494148696743,0.5127035610242701,-1.1927268392019792,-0.8433223119017063,0.0735239800831724,0.0054057756472707325
2017-05-03,-0.12154205470346999,0.01477247106154129,0.251466370603422,0.5014642266437577,-1.16658023756024,-0.8248352519814001,-0.24237432751073185,0.0587453146362795
2017-05-04,0.11736331905049999,0.013774148658549453,0.24828525349166428,0.4982823030087104,-1.1591779762764876,-0.81960145334961,0.23553579635849192,0.05547711136622897
2017-05-05,0.39292081965900005,0.15438677052150043,0.23876176116138892,0.48863254206140316,-1.1367292754117169,-0.803729009056217,0.8041233152449849,0.6466143061205855
2017-05-08,-0.01668049859766,0.0002782390334665372,0.23051333751240638,0.4801180453934286,-1.1169215941896466,-0.7897239083302329,-0.03474249459628477,0.0012070409307728765
2017-05-09,-0.09182925634991,0.008432612321777486,0.22451643664918275,0.47383165433430335,-1.102297261713861,-0.7793837151961953,-0.19380143878087455,0.03755899767353707
2017-05-10,0.17940019315281,0.03218442930326554,0.22287511496696624,0.472096510225363,-1.0982607129048731,-0.7765296571153213,0.3800074545502791,0.14440566551378245
2017-05-11,-0.20448590863058003,0.041814486828473926,0.21675370148513565,0.46556814913086103,-1.0830734739517076,-0.7657914586909809,-0.4392179942127087,0.192912446440235
2017-05-12,-0.16721257913596,0.027960046621299684,0.22598488787576812,0.47537867839835657,-1.1058961778563614,-0.7819283433389345,-0.35174606420997206,0.12372529368720579
2017-05-15,0.55082134985857,0.3034041594600172,0.2301281713498796,0.4797167615894608,-1.115988068465399,-0.7890638552098395,1.148222021747825,1.3184138112266626
2017-05-16,-0.09159922673793,0.00839041833898671,0.22303567029672766,0.47226652464125346,-1.0986562255798362,-0.7768093059439328,-0.19395663668415047,0.037619176913827546
2017-05-17,-1.79033877695369,3.2053129362640345,0.22157805743111514,0.47072078500010506,-1.09506029745183,-0.7742667904888672,-3.8033986048720805,14.465840947542889
2017-05-18,0.4020311438122,0.16162904059494584,0.9424142916266297,0.9707802488857248,-2.258372568156144,-1.5967914133525376,0.4141319771118716,0.17150529446658774
2017-05-19,0.64830563858153,0.4203002010166054,0.8399561733621047,0.9164912292881502,-2.132077422831565,-1.5074939225638275,0.7073778972059305,0.5003834894554839
2017-05-22,0.50646702287648,0.25650884526136497,0.7512158314355712,0.8667270801328243,-2.016308700240621,-1.4256391813335356,0.5843442930142034,0.34145825277826924
2017-05-23,0.22103000101463002,0.04885426134852735,0.674356638444081,0.8211922055426981,-1.9103787415431648,-1.3507409777111863,0.2691574512309926,0.07244573355316417
2017-05-24,0.23303458642658,0.05430511847100719,0.6077878669129353,0.7796075082456141,-1.8136382693934616,-1.2823402375363984,0.2989127015348893,0.08934880313888581
2017-05-25,0.4768061505743,0.227344105225482,0.5501317665729734,0.741708680394785,-1.7254724117940454,-1.2200022130887527,0.6428482815119719,0.4132539130428955
2017-05-26,-0.02068792828193,0.0004279903765982792,0.5001950495515928,0.7072446885990681,-1.6452971777491185,-1.163313991184342,-0.02925144382902229,0.0008556469660824462
2017-05-30,-0.08693315107456999,0.007557372755754009,0.4582200790136812,0.6769195513601902,-1.5747503592034582,-1.1134335792091725,-0.12842464204186163,0.016492888683580294
2017-05-31,-0.02482069501938,0.0006160669012450752,0.42498421351196086,0.6519081327242059,-1.5165650986328907,-1.0722934565505722,-0.038073915285668884,0.0014496230251802907
2017-06-01,0.7920828460107899,0.6273952349445527,0.3932188809277842,0.6270716712846979,-1.4587868493643938,-1.031441112871157,1.2631456375441572,1.5955369016468355
2017-06-02,0.33225704879988,0.11039474647720583,0.36429070775133626,0.6035649987792004,-1.4041021517554555,-0.992776077342929,0.5504909155963634,0.3030402481541225
