mse,rmse,mae,qlike,var_1_hit_rate,var_1_exceptions,var_5_hit_rate,var_5_exceptions,target,freq,exog,window_id,regime,n_train,n_forecast,estimator,seasonality,global_trend_option,damped_factor,level_sm_input,use_regressors
6.574694955453642,2.5641167983252324,1.3554442707702143,2.2551169208780943,0.1,6,0.16666666666666666,10,SPY,daily,no_exog,d_GFC_1,GFC,904,60,stan-map,,linear,0.9,,True
13.218157315837049,3.6356783845435294,1.8889115338220608,3.8405449152344335,0.11666666666666667,7,0.2,12,SPY,daily,no_exog,d_GFC_2,GFC,977,60,stan-map,,linear,0.9,,True
4.766733678366243,2.1832850657589913,1.1482958138481618,3.1340503837158407,0.16666666666666666,10,0.25,15,SPY,daily,no_exog,d_GFC_3,GFC,1052,60,stan-map,,linear,0.9,,True
537.8608470466372,23.191827160589078,12.817576367525527,4.3442930298289815,0.1,6,0.16666666666666666,10,SPY,daily,no_exog,d_GFC_4,GFC,1175,60,stan-map,,linear,0.9,,True
82.9420520498862,9.107252716922167,4.590544415910112,3.681893914196203,0.06666666666666667,4,0.11666666666666667,7,SPY,daily,no_exog,d_GFC_5,GFC,1264,60,stan-map,,linear,0.9,,True
1.2800820426692987,1.1314071073973766,0.6126552206607176,24.655889509349056,0.2,12,0.23333333333333334,14,SPY,daily,no_exog,d_OIL_CRASH_1,OIL_CRASH,2659,60,stan-map,,linear,0.9,,True
0.7085183454422957,0.841735317924997,0.6983362039337178,0.4523670963002954,0.016666666666666666,1,0.05,3,SPY,daily,no_exog,d_OIL_CRASH_2,OIL_CRASH,2770,60,stan-map,,linear,0.9,,True
0.6702634702424043,0.8186962014339656,0.44093011868183246,1.279016268728864,0.06666666666666667,4,0.16666666666666666,10,SPY,daily,no_exog,d_OIL_CRASH_3,OIL_CRASH,2833,60,stan-map,,linear,0.9,,True
4.25366440549209,2.0624413701950632,1.7751454808530076,1.3285878663075468,0.0,0,0.0,0,SPY,daily,no_exog,d_OIL_CRASH_4,OIL_CRASH,2941,60,stan-map,,linear,0.9,,True
0.8159961121404623,0.9033250312819092,0.50684673666822,0.9230860664106586,0.03333333333333333,2,0.08333333333333333,5,SPY,daily,no_exog,d_OIL_CRASH_5,OIL_CRASH,3020,60,stan-map,,linear,0.9,,True
1610.4247502288404,40.13009780985888,35.95733008306758,4.029756065565554,0.016666666666666666,1,0.03333333333333333,2,SPY,daily,no_exog,d_COVID_1,COVID,4038,60,stan-map,,linear,0.9,,True
3.786230927281194,1.9458239712988412,1.1781777285676467,1.1242793413383807,0.03333333333333333,2,0.05,3,SPY,daily,no_exog,d_COVID_2,COVID,4102,60,stan-map,,linear,0.9,,True
2.875903594912217,1.6958489304511228,1.499975609878735,1.0930742808598657,0.0,0,0.0,0,SPY,daily,no_exog,d_COVID_3,COVID,4179,60,stan-map,,linear,0.9,,True
20.428302563161633,4.519767976695444,2.6264953046390214,5.809530193378868,0.16666666666666666,10,0.25,15,SPY,daily,no_exog,d_ENERGY_22_1,ENERGY_22,4514,60,stan-map,,linear,0.9,,True
14.316003299246782,3.7836494683369892,1.9720831446725549,3.804414408030621,0.08333333333333333,5,0.18333333333333332,11,SPY,daily,no_exog,d_ENERGY_22_2,ENERGY_22,4604,60,stan-map,,linear,0.9,,True
3.1364202623170856,1.7709941451955977,1.217412560205919,1.3015665288960958,0.016666666666666666,1,0.05,3,SPY,daily,no_exog,d_ENERGY_22_3,ENERGY_22,4692,60,stan-map,,linear,0.9,,True
35.327968718443934,5.943733567249119,5.608520651772013,1.8323655036361732,0.0,0,0.0,0,SPY,daily,no_exog,d_ENERGY_22_4,ENERGY_22,4809,60,stan-map,,linear,0.9,,True
0.245872541505693,0.4958553634939255,0.2468123870650984,-0.4262833890302881,0.03333333333333333,2,0.05,3,SPY,daily,no_exog,d_CALM_17_19_1,CALM_17_19,3282,60,stan-map,,linear,0.9,,True
0.06492121985815717,0.2547964282680532,0.13519223823443674,2.3734445873370875,0.08333333333333333,5,0.16666666666666666,10,SPY,daily,no_exog,d_CALM_17_19_2,CALM_17_19,3431,60,stan-map,,linear,0.9,,True
7.436197628830153,2.7269392418662637,1.5111895577827819,2.4536487707071144,0.13333333333333333,8,0.18333333333333332,11,SPY,daily,no_exog,d_CALM_17_19_3,CALM_17_19,3668,60,stan-map,,linear,0.9,,True
2.7139875274935443,1.6474184433511554,0.6686343286388536,39.73059686247635,0.16666666666666666,10,0.18333333333333332,11,SPY,daily,no_exog,d_CALM_17_19_4,CALM_17_19,3740,60,stan-map,,linear,0.9,,True
108.77284661928985,10.429422161332326,3.52862615718682,147.83935072129717,0.2833333333333333,17,0.3333333333333333,20,SPY,daily,no_exog,d_CALM_17_19_5,CALM_17_19,3977,60,stan-map,,linear,0.9,,True
6.367663101129173,2.523422893834716,1.3217427455092867,2.4804431083157783,0.1,6,0.16666666666666666,10,SPY,daily,with_exog,d_GFC_1,GFC,904,60,stan-map,,linear,0.9,,True
12.000692692850144,3.4642015952958256,1.7769884742733724,2.467628095407368,0.1,6,0.15,9,SPY,daily,with_exog,d_GFC_2,GFC,977,60,stan-map,,linear,0.9,,True
4.62092151279831,2.1496328786093475,1.126970326229381,3.2340672421564807,0.16666666666666666,10,0.2,12,SPY,daily,with_exog,d_GFC_3,GFC,1052,60,stan-map,,linear,0.9,,True
368.37568768443333,19.19311563254995,13.508428966073092,3.4189535622912524,0.016666666666666666,1,0.03333333333333333,2,SPY,daily,with_exog,d_GFC_4,GFC,1175,60,stan-map,,linear,0.9,,True
81.83801129446213,9.04643638647076,4.590369790821202,3.719176365647111,0.08333333333333333,5,0.13333333333333333,8,SPY,daily,with_exog,d_GFC_5,GFC,1264,60,stan-map,,linear,0.9,,True
1.0841263501188516,1.0412138829841118,0.572186129589831,1.8372252591064469,0.1,6,0.18333333333333332,11,SPY,daily,with_exog,d_OIL_CRASH_1,OIL_CRASH,2659,60,stan-map,,linear,0.9,,True
0.5101775179630572,0.7142671194749604,0.4144018201476481,1.0850490235840327,0.1,6,0.11666666666666667,7,SPY,daily,with_exog,d_OIL_CRASH_2,OIL_CRASH,2770,60,stan-map,,linear,0.9,,True
0.6367821633355906,0.7979863177621472,0.42895484820438273,0.8102127925756777,0.08333333333333333,5,0.16666666666666666,10,SPY,daily,with_exog,d_OIL_CRASH_3,OIL_CRASH,2833,60,stan-map,,linear,0.9,,True
2.5688415220300107,1.6027605941094292,1.029375938579552,1.816503472185452,0.15,9,0.23333333333333334,14,SPY,daily,with_exog,d_OIL_CRASH_4,OIL_CRASH,2941,60,stan-map,,linear,0.9,,True
0.7359131015437974,0.8578537763184337,0.47887186624324196,0.5275992976257432,0.03333333333333333,2,0.13333333333333333,8,SPY,daily,with_exog,d_OIL_CRASH_5,OIL_CRASH,3020,60,stan-map,,linear,0.9,,True
550.9578072218271,23.472490435014073,10.350852114738164,3.1155863561170167,0.05,3,0.08333333333333333,5,SPY,daily,with_exog,d_COVID_1,COVID,4038,60,stan-map,,linear,0.9,,True
4.037675743365222,2.0093968605940495,0.9537594084971622,1.1844682629803576,0.05,3,0.08333333333333333,5,SPY,daily,with_exog,d_COVID_2,COVID,4102,60,stan-map,,linear,0.9,,True
1.6129719472773465,1.2700283253838658,0.7180468534301492,1.0218625753727664,0.05,3,0.1,6,SPY,daily,with_exog,d_COVID_3,COVID,4179,60,stan-map,,linear,0.9,,True
18.70317422564865,4.324716664204564,2.6256466652755264,3.709632715270763,0.18333333333333332,11,0.23333333333333334,14,SPY,daily,with_exog,d_ENERGY_22_1,ENERGY_22,4514,60,stan-map,,linear,0.9,,True
13.904695822990771,3.7289000821945835,1.9117474609336655,3.4717439615343855,0.08333333333333333,5,0.15,9,SPY,daily,with_exog,d_ENERGY_22_2,ENERGY_22,4604,60,stan-map,,linear,0.9,,True
3.478449437174637,1.8650601698536797,1.08804686980194,2.260233275315636,0.11666666666666667,7,0.18333333333333332,11,SPY,daily,with_exog,d_ENERGY_22_3,ENERGY_22,4692,60,stan-map,,linear,0.9,,True
0.3672297633851271,0.6059948542563106,0.37512327397227047,1.8153555371316936,0.1,6,0.15,9,SPY,daily,with_exog,d_ENERGY_22_4,ENERGY_22,4809,60,stan-map,,linear,0.9,,True
0.2630098314737208,0.5128448415200457,0.2006530212696304,0.6092415122396664,0.03333333333333333,2,0.05,3,SPY,daily,with_exog,d_CALM_17_19_1,CALM_17_19,3282,60,stan-map,,linear,0.9,,True
0.06469590988256817,0.25435390675703834,0.13511995906255986,2.2373379870033743,0.13333333333333333,8,0.15,9,SPY,daily,with_exog,d_CALM_17_19_2,CALM_17_19,3431,60,stan-map,,linear,0.9,,True
8.010011915706006,2.830196444720049,1.477691957687138,5.256486580964378,0.21666666666666667,13,0.23333333333333334,14,SPY,daily,with_exog,d_CALM_17_19_3,CALM_17_19,3668,60,stan-map,,linear,0.9,,True
2.370281482755105,1.5395718504685336,0.6214926015052259,1.9789922550112578,0.05,3,0.1,6,SPY,daily,with_exog,d_CALM_17_19_4,CALM_17_19,3740,60,stan-map,,linear,0.9,,True
89.84676820287625,9.478753515250634,3.1328811577611173,3.6930735423495444,0.16666666666666666,10,0.2,12,SPY,daily,with_exog,d_CALM_17_19_5,CALM_17_19,3977,60,stan-map,,linear,0.9,,True
