mse,rmse,mae,qlike,var_1_hit_rate,var_1_exceptions,var_5_hit_rate,var_5_exceptions,target,freq,exog,window_id,regime,n_train,n_forecast,lookback,hidden_size,num_layers,dropout,learning_rate,weight_decay,batch_size,epochs,patience
6.55722713470459,2.5607082843780518,1.4765903949737549,3.8041374683380127,0.06666666666666667,4,0.1,6,SPY,daily,no_exog,d_GFC_1,GFC,904,60,10,32,1,0.0,0.001,0.0,64,80,10
11.339045524597168,3.367349863052368,2.3410911560058594,2.090625286102295,0.03333333333333333,2,0.11666666666666667,7,SPY,daily,no_exog,d_GFC_2,GFC,977,60,10,32,1,0.0,0.001,0.0,64,80,10
4.665127277374268,2.159890651702881,1.5491286516189575,1.5963425636291504,0.03333333333333333,2,0.05,3,SPY,daily,no_exog,d_GFC_3,GFC,1052,60,10,32,1,0.0,0.001,0.0,64,80,10
421.4999694824219,20.53046417236328,11.996652603149414,3.57121205329895,0.06666666666666667,4,0.1,6,SPY,daily,no_exog,d_GFC_4,GFC,1175,60,10,32,1,0.0,0.001,0.0,64,80,10
72.72367095947266,8.527817726135254,4.728963375091553,3.3640663623809814,0.03333333333333333,2,0.15,9,SPY,daily,no_exog,d_GFC_5,GFC,1264,60,10,32,1,0.0,0.001,0.0,64,80,10
1.1633591651916504,1.0785913467407227,0.7139604091644287,0.5468716025352478,0.05,3,0.1,6,SPY,daily,no_exog,d_OIL_CRASH_1,OIL_CRASH,2659,60,10,32,1,0.0,0.001,0.0,64,80,10
0.4108792543411255,0.6409986615180969,0.5137489438056946,0.2513013482093811,0.0,0,0.08333333333333333,5,SPY,daily,no_exog,d_OIL_CRASH_2,OIL_CRASH,2770,60,10,32,1,0.0,0.001,0.0,64,80,10
0.5461024641990662,0.7389874458312988,0.4851444661617279,0.20650237798690796,0.016666666666666666,1,0.05,3,SPY,daily,no_exog,d_OIL_CRASH_3,OIL_CRASH,2833,60,10,32,1,0.0,0.001,0.0,64,80,10
8.50538444519043,2.9163992404937744,1.5923068523406982,1.1995660066604614,0.016666666666666666,1,0.1,6,SPY,daily,no_exog,d_OIL_CRASH_4,OIL_CRASH,2941,60,10,32,1,0.0,0.001,0.0,64,80,10
0.6494706869125366,0.8058974146842957,0.5655738115310669,0.3305276036262512,0.0,0,0.05,3,SPY,daily,no_exog,d_OIL_CRASH_5,OIL_CRASH,3020,60,10,32,1,0.0,0.001,0.0,64,80,10
550.5242309570312,23.463253021240234,11.005233764648438,4.512655735015869,0.05,3,0.1,6,SPY,daily,no_exog,d_COVID_1,COVID,4038,60,10,32,1,0.0,0.001,0.0,64,80,10
4.034081935882568,2.00850248336792,0.9497570395469666,1.8154700994491577,0.016666666666666666,1,0.05,3,SPY,daily,no_exog,d_COVID_2,COVID,4102,60,10,32,1,0.0,0.001,0.0,64,80,10
1.4885237216949463,1.2200506925582886,0.7989816069602966,0.7717602849006653,0.016666666666666666,1,0.05,3,SPY,daily,no_exog,d_COVID_3,COVID,4179,60,10,32,1,0.0,0.001,0.0,64,80,10
40.354957580566406,6.352555274963379,3.6085691452026367,2.1031763553619385,0.05,3,0.11666666666666667,7,SPY,daily,no_exog,d_ENERGY_22_1,ENERGY_22,4514,60,10,32,1,0.0,0.001,0.0,64,80,10
13.290022850036621,3.6455483436584473,2.0176570415496826,2.1950643062591553,0.05,3,0.08333333333333333,5,SPY,daily,no_exog,d_ENERGY_22_2,ENERGY_22,4604,60,10,32,1,0.0,0.001,0.0,64,80,10
5.690825462341309,2.385545015335083,1.706482172012329,1.4626355171203613,0.0,0,0.05,3,SPY,daily,no_exog,d_ENERGY_22_3,ENERGY_22,4692,60,10,32,1,0.0,0.001,0.0,64,80,10
0.35839053988456726,0.5986573100090027,0.4771828055381775,0.18900664150714874,0.0,0,0.016666666666666666,1,SPY,daily,no_exog,d_ENERGY_22_4,ENERGY_22,4809,60,10,32,1,0.0,0.001,0.0,64,80,10
0.2791234254837036,0.5283213257789612,0.3784562349319458,-0.34736207127571106,0.016666666666666666,1,0.03333333333333333,2,SPY,daily,no_exog,d_CALM_17_19_1,CALM_17_19,3282,60,10,32,1,0.0,0.001,0.0,64,80,10
0.07847213000059128,0.2801287770271301,0.25903868675231934,-0.6861108541488647,0.0,0,0.0,0,SPY,daily,no_exog,d_CALM_17_19_2,CALM_17_19,3431,60,10,32,1,0.0,0.001,0.0,64,80,10
7.375471115112305,2.7157819271087646,1.7164393663406372,1.8240214586257935,0.06666666666666667,4,0.13333333333333333,8,SPY,daily,no_exog,d_CALM_17_19_3,CALM_17_19,3668,60,10,32,1,0.0,0.001,0.0,64,80,10
4.262442111968994,2.064568281173706,1.1892656087875366,0.6007041931152344,0.016666666666666666,1,0.016666666666666666,1,SPY,daily,no_exog,d_CALM_17_19_4,CALM_17_19,3740,60,10,32,1,0.0,0.001,0.0,64,80,10
88.00462341308594,9.381077766418457,3.0980894565582275,11.084918975830078,0.1,6,0.13333333333333333,8,SPY,daily,no_exog,d_CALM_17_19_5,CALM_17_19,3977,60,10,32,1,0.0,0.001,0.0,64,80,10
7.725226402282715,2.7794291973114014,1.668285608291626,3.7625885009765625,0.11666666666666667,7,0.16666666666666666,10,SPY,daily,with_exog,d_GFC_1,GFC,904,60,22,32,1,0.2,0.001,0.0,64,80,10
12.69486141204834,3.5629849433898926,2.162769079208374,6.273708820343018,0.08333333333333333,5,0.15,9,SPY,daily,with_exog,d_GFC_2,GFC,977,60,22,32,1,0.2,0.001,0.0,64,80,10
4.780204772949219,2.186367988586426,1.3585021495819092,1.5531197786331177,0.05,3,0.08333333333333333,5,SPY,daily,with_exog,d_GFC_3,GFC,1052,60,22,32,1,0.2,0.001,0.0,64,80,10
460.5762634277344,21.461040496826172,13.40953254699707,3.5738446712493896,0.016666666666666666,1,0.05,3,SPY,daily,with_exog,d_GFC_4,GFC,1175,60,22,32,1,0.2,0.001,0.0,64,80,10
65.9469985961914,8.120776176452637,4.848904609680176,2.565507173538208,0.016666666666666666,1,0.06666666666666667,4,SPY,daily,with_exog,d_GFC_5,GFC,1264,60,22,32,1,0.2,0.001,0.0,64,80,10
11.909972190856934,3.451082706451416,1.5567626953125,0.8031008839607239,0.03333333333333333,2,0.08333333333333333,5,SPY,daily,with_exog,d_OIL_CRASH_1,OIL_CRASH,2659,60,22,32,1,0.2,0.001,0.0,64,80,10
0.4018067717552185,0.6338822841644287,0.4507872462272644,0.23580282926559448,0.03333333333333333,2,0.08333333333333333,5,SPY,daily,with_exog,d_OIL_CRASH_2,OIL_CRASH,2770,60,22,32,1,0.2,0.001,0.0,64,80,10
0.553527295589447,0.7439941763877869,0.4554446339607239,0.2198268324136734,0.016666666666666666,1,0.08333333333333333,5,SPY,daily,with_exog,d_OIL_CRASH_3,OIL_CRASH,2833,60,22,32,1,0.2,0.001,0.0,64,80,10
18.016450881958008,4.244578838348389,2.2631595134735107,1.1923121213912964,0.016666666666666666,1,0.1,6,SPY,daily,with_exog,d_OIL_CRASH_4,OIL_CRASH,2941,60,22,32,1,0.2,0.001,0.0,64,80,10
0.6728560924530029,0.8202780485153198,0.5209557414054871,0.2598225474357605,0.0,0,0.03333333333333333,2,SPY,daily,with_exog,d_OIL_CRASH_5,OIL_CRASH,3020,60,22,32,1,0.2,0.001,0.0,64,80,10
553.18359375,23.519855499267578,10.035258293151855,3.653639316558838,0.08333333333333333,5,0.13333333333333333,8,SPY,daily,with_exog,d_COVID_1,COVID,4038,60,22,32,1,0.2,0.001,0.0,64,80,10
8.230637550354004,2.8689088821411133,1.9074510335922241,1.3992756605148315,0.03333333333333333,2,0.06666666666666667,4,SPY,daily,with_exog,d_COVID_2,COVID,4102,60,22,32,1,0.2,0.001,0.0,64,80,10
1.8100028038024902,1.3453634977340698,1.0481996536254883,0.8692609071731567,0.0,0,0.016666666666666666,1,SPY,daily,with_exog,d_COVID_3,COVID,4179,60,22,32,1,0.2,0.001,0.0,64,80,10
19.23249053955078,4.385486125946045,2.4957308769226074,10.082015991210938,0.15,9,0.23333333333333334,14,SPY,daily,with_exog,d_ENERGY_22_1,ENERGY_22,4514,60,22,32,1,0.2,0.001,0.0,64,80,10
13.656375885009766,3.695453405380249,2.039998769760132,3.035360097885132,0.05,3,0.1,6,SPY,daily,with_exog,d_ENERGY_22_2,ENERGY_22,4604,60,22,32,1,0.2,0.001,0.0,64,80,10
5.547205448150635,2.355250597000122,1.6272236108779907,1.4307136535644531,0.03333333333333333,2,0.1,6,SPY,daily,with_exog,d_ENERGY_22_3,ENERGY_22,4692,60,22,32,1,0.2,0.001,0.0,64,80,10
0.30384361743927,0.5512201189994812,0.41205930709838867,0.13882142305374146,0.016666666666666666,1,0.016666666666666666,1,SPY,daily,with_exog,d_ENERGY_22_4,ENERGY_22,4809,60,22,32,1,0.2,0.001,0.0,64,80,10
0.31805264949798584,0.5639615654945374,0.36922016739845276,-0.40641510486602783,0.03333333333333333,2,0.03333333333333333,2,SPY,daily,with_exog,d_CALM_17_19_1,CALM_17_19,3282,60,22,32,1,0.2,0.001,0.0,64,80,10
0.07182890921831131,0.26800915598869324,0.24154287576675415,-0.7246763706207275,0.0,0,0.0,0,SPY,daily,with_exog,d_CALM_17_19_2,CALM_17_19,3431,60,22,32,1,0.2,0.001,0.0,64,80,10
7.993159770965576,2.8272175788879395,1.778303623199463,1.9829307794570923,0.05,3,0.11666666666666667,7,SPY,daily,with_exog,d_CALM_17_19_3,CALM_17_19,3668,60,22,32,1,0.2,0.001,0.0,64,80,10
2.104810953140259,1.4507966041564941,0.6826469898223877,0.6142393946647644,0.03333333333333333,2,0.05,3,SPY,daily,with_exog,d_CALM_17_19_4,CALM_17_19,3740,60,22,32,1,0.2,0.001,0.0,64,80,10
75.17892456054688,8.670578002929688,2.675001621246338,1.1655186414718628,0.05,3,0.13333333333333333,8,SPY,daily,with_exog,d_CALM_17_19_5,CALM_17_19,3977,60,22,32,1,0.2,0.001,0.0,64,80,10
112.87718200683594,10.624367713928223,6.903376579284668,4.375155925750732,0.15384615384615385,4,0.3076923076923077,8,SPY,weekly,no_exog,w_GFC_1,GFC,174,26,10,64,1,0.0,0.001,0.0,64,80,10
11714.3681640625,108.2329330444336,54.07327651977539,20.482168197631836,0.38461538461538464,10,0.46153846153846156,12,SPY,weekly,no_exog,w_GFC_2,GFC,224,26,10,64,1,0.0,0.001,0.0,64,80,10
100.58024597167969,10.028970718383789,7.305911540985107,3.0269713401794434,0.0,0,0.0,0,SPY,weekly,no_exog,w_GFC_3,GFC,257,26,10,64,1,0.0,0.001,0.0,64,80,10
17.64992904663086,4.201181888580322,2.2813146114349365,2.0773706436157227,0.11538461538461539,3,0.11538461538461539,3,SPY,weekly,no_exog,w_OIL_CRASH_1,OIL_CRASH,522,26,10,64,1,0.0,0.001,0.0,64,80,10
11.024033546447754,3.3202459812164307,2.944885492324829,1.7944915294647217,0.0,0,0.038461538461538464,1,SPY,weekly,no_exog,w_OIL_CRASH_2,OIL_CRASH,556,26,10,64,1,0.0,0.001,0.0,64,80,10
75.00285339355469,8.660418510437012,6.221840858459473,3.025031805038452,0.07692307692307693,2,0.11538461538461539,3,SPY,weekly,no_exog,w_OIL_CRASH_3,OIL_CRASH,584,26,10,64,1,0.0,0.001,0.0,64,80,10
0.5007094740867615,0.7076082825660706,0.601683497428894,0.4952234923839569,0.0,0,0.0,0,SPY,weekly,no_exog,w_CALM_17_19_1,CALM_17_19,681,26,10,64,1,0.0,0.001,0.0,64,80,10
182.66571044921875,13.515387535095215,7.260422706604004,3.2864227294921875,0.11538461538461539,3,0.19230769230769232,5,SPY,weekly,no_exog,w_CALM_17_19_2,CALM_17_19,739,26,10,64,1,0.0,0.001,0.0,64,80,10
18.023761749267578,4.2454400062561035,3.550826072692871,2.198112726211548,0.038461538461538464,1,0.038461538461538464,1,SPY,weekly,no_exog,w_CALM_17_19_3,CALM_17_19,775,26,10,64,1,0.0,0.001,0.0,64,80,10
118.84555053710938,10.901630401611328,6.7768731117248535,5.815863609313965,0.15384615384615385,4,0.3076923076923077,8,SPY,weekly,with_exog,w_GFC_1,GFC,174,26,22,64,1,0.2,0.001,0.0,64,80,10
11910.9599609375,109.13734436035156,55.138450622558594,47.7786865234375,0.5,13,0.5384615384615384,14,SPY,weekly,with_exog,w_GFC_2,GFC,224,26,22,64,1,0.2,0.001,0.0,64,80,10
102.55188751220703,10.126791000366211,6.202371597290039,3.0578761100769043,0.0,0,0.038461538461538464,1,SPY,weekly,with_exog,w_GFC_3,GFC,257,26,22,64,1,0.2,0.001,0.0,64,80,10
13.215428352355957,3.635303020477295,2.803070068359375,1.7499810457229614,0.0,0,0.07692307692307693,2,SPY,weekly,with_exog,w_OIL_CRASH_1,OIL_CRASH,522,26,22,64,1,0.2,0.001,0.0,64,80,10
4.232220649719238,2.0572361946105957,1.7579400539398193,1.5142771005630493,0.0,0,0.038461538461538464,1,SPY,weekly,with_exog,w_OIL_CRASH_2,OIL_CRASH,556,26,22,64,1,0.2,0.001,0.0,64,80,10
90.74629211425781,9.526084899902344,6.959094047546387,3.743508815765381,0.11538461538461539,3,0.11538461538461539,3,SPY,weekly,with_exog,w_OIL_CRASH_3,OIL_CRASH,584,26,22,64,1,0.2,0.001,0.0,64,80,10
0.6812120676040649,0.8253557085990906,0.7108747959136963,0.5815179347991943,0.0,0,0.0,0,SPY,weekly,with_exog,w_CALM_17_19_1,CALM_17_19,681,26,22,64,1,0.2,0.001,0.0,64,80,10
177.0836639404297,13.307278633117676,6.7902326583862305,3.6592912673950195,0.07692307692307693,2,0.15384615384615385,4,SPY,weekly,with_exog,w_CALM_17_19_2,CALM_17_19,739,26,22,64,1,0.2,0.001,0.0,64,80,10
11.78010082244873,3.4322152137756348,2.3098840713500977,2.3341681957244873,0.038461538461538464,1,0.07692307692307693,2,SPY,weekly,with_exog,w_CALM_17_19_3,CALM_17_19,775,26,22,64,1,0.2,0.001,0.0,64,80,10
29.38896369934082,5.421158790588379,3.847395896911621,2.6412155628204346,0.016666666666666666,1,0.06666666666666667,4,OIL,daily,no_exog,d_GFC_1,GFC,904,60,22,64,1,0.2,0.001,0.0,64,80,10
44.18195343017578,6.646950721740723,4.520580768585205,2.8289384841918945,0.016666666666666666,1,0.08333333333333333,5,OIL,daily,no_exog,d_GFC_2,GFC,977,60,22,64,1,0.2,0.001,0.0,64,80,10
97.40204620361328,9.869247436523438,5.244340896606445,3.183143138885498,0.03333333333333333,2,0.13333333333333333,8,OIL,daily,no_exog,d_GFC_3,GFC,1052,60,22,64,1,0.2,0.001,0.0,64,80,10
2809.734375,53.006927490234375,32.249534606933594,4.9853620529174805,0.016666666666666666,1,0.15,9,OIL,daily,no_exog,d_GFC_4,GFC,1175,60,22,64,1,0.2,0.001,0.0,64,80,10
666.7667846679688,25.821826934814453,18.998321533203125,3.734825849533081,0.0,0,0.06666666666666667,4,OIL,daily,no_exog,d_GFC_5,GFC,1264,60,22,64,1,0.2,0.001,0.0,64,80,10
237.42535400390625,15.408613204956055,5.597752571105957,2.6223490238189697,0.05,3,0.08333333333333333,5,OIL,daily,no_exog,d_OIL_CRASH_1,OIL_CRASH,2659,60,22,64,1,0.2,0.001,0.0,64,80,10
96.37825775146484,9.817242622375488,6.307035446166992,2.939072847366333,0.016666666666666666,1,0.08333333333333333,5,OIL,daily,no_exog,d_OIL_CRASH_2,OIL_CRASH,2770,60,22,64,1,0.2,0.001,0.0,64,80,10
89.44852447509766,9.457722663879395,5.370931625366211,2.621724843978882,0.016666666666666666,1,0.05,3,OIL,daily,no_exog,d_OIL_CRASH_3,OIL_CRASH,2833,60,22,64,1,0.2,0.001,0.0,64,80,10
369.2100524902344,19.214839935302734,11.157364845275879,3.4811394214630127,0.016666666666666666,1,0.1,6,OIL,daily,no_exog,d_OIL_CRASH_4,OIL_CRASH,2941,60,22,64,1,0.2,0.001,0.0,64,80,10
143.5832977294922,11.982625007629395,8.143941879272461,3.550041437149048,0.016666666666666666,1,0.03333333333333333,2,OIL,daily,no_exog,d_OIL_CRASH_5,OIL_CRASH,3020,60,22,64,1,0.2,0.001,0.0,64,80,10
16456.111328125,128.2813720703125,54.43635940551758,4.699805736541748,0.016666666666666666,1,0.1,6,OIL,daily,no_exog,d_COVID_1,COVID,4038,60,22,64,1,0.2,0.001,0.0,64,80,10
109.29549407958984,10.454448699951172,6.1096320152282715,2.5895254611968994,0.016666666666666666,1,0.08333333333333333,5,OIL,daily,no_exog,d_COVID_2,COVID,4102,60,22,64,1,0.2,0.001,0.0,64,80,10
89.48391723632812,9.459593772888184,4.9471330642700195,2.3711094856262207,0.0,0,0.016666666666666666,1,OIL,daily,no_exog,d_COVID_3,COVID,4179,60,22,64,1,0.2,0.001,0.0,64,80,10
765.0264282226562,27.65911102294922,14.360003471374512,5.684273719787598,0.11666666666666667,7,0.13333333333333333,8,OIL,daily,no_exog,d_ENERGY_22_1,ENERGY_22,4514,60,22,64,1,0.2,0.001,0.0,64,80,10
135.40521240234375,11.636374473571777,8.164322853088379,3.2234175205230713,0.05,3,0.08333333333333333,5,OIL,daily,no_exog,d_ENERGY_22_2,ENERGY_22,4604,60,22,64,1,0.2,0.001,0.0,64,80,10
34.72632598876953,5.892904758453369,4.401054382324219,2.493232488632202,0.0,0,0.03333333333333333,2,OIL,daily,no_exog,d_ENERGY_22_3,ENERGY_22,4692,60,22,64,1,0.2,0.001,0.0,64,80,10
22.59702491760254,4.75363302230835,3.6194067001342773,2.3954553604125977,0.0,0,0.05,3,OIL,daily,no_exog,d_ENERGY_22_4,ENERGY_22,4809,60,22,64,1,0.2,0.001,0.0,64,80,10
24.864524841308594,4.986433982849121,3.065894365310669,2.0701401233673096,0.05,3,0.06666666666666667,4,OIL,daily,no_exog,d_CALM_17_19_1,CALM_17_19,3282,60,22,64,1,0.2,0.001,0.0,64,80,10
6.108304500579834,2.471498489379883,2.147371768951416,1.602075457572937,0.0,0,0.016666666666666666,1,OIL,daily,no_exog,d_CALM_17_19_2,CALM_17_19,3431,60,22,64,1,0.2,0.001,0.0,64,80,10
134.67645263671875,11.605018615722656,5.920454025268555,2.756237030029297,0.06666666666666667,4,0.15,9,OIL,daily,no_exog,d_CALM_17_19_3,CALM_17_19,3668,60,22,64,1,0.2,0.001,0.0,64,80,10
21.08757209777832,4.59212064743042,3.4386813640594482,2.088327646255493,0.0,0,0.016666666666666666,1,OIL,daily,no_exog,d_CALM_17_19_4,CALM_17_19,3740,60,22,64,1,0.2,0.001,0.0,64,80,10
10674.2900390625,103.31645202636719,20.15741729736328,4.135919094085693,0.05,3,0.08333333333333333,5,OIL,daily,no_exog,d_CALM_17_19_5,CALM_17_19,3977,60,22,64,1,0.2,0.001,0.0,64,80,10
29.40279197692871,5.422434329986572,3.8362925052642822,2.6961796283721924,0.016666666666666666,1,0.1,6,OIL,daily,with_exog,d_GFC_1,GFC,904,60,22,32,1,0.0,0.001,0.0,64,80,10
44.46010208129883,6.667840957641602,5.281225204467773,2.6646816730499268,0.0,0,0.05,3,OIL,daily,with_exog,d_GFC_2,GFC,977,60,22,32,1,0.0,0.001,0.0,64,80,10
97.44575500488281,9.871461868286133,5.032499313354492,3.872523546218872,0.03333333333333333,2,0.11666666666666667,7,OIL,daily,with_exog,d_GFC_3,GFC,1052,60,22,32,1,0.0,0.001,0.0,64,80,10
2979.11083984375,54.58123016357422,32.518157958984375,5.3658623695373535,0.08333333333333333,5,0.26666666666666666,16,OIL,daily,with_exog,d_GFC_4,GFC,1175,60,22,32,1,0.0,0.001,0.0,64,80,10
744.2189331054688,27.280376434326172,21.755962371826172,3.890772581100464,0.0,0,0.05,3,OIL,daily,with_exog,d_GFC_5,GFC,1264,60,22,32,1,0.0,0.001,0.0,64,80,10
239.19381713867188,15.46589183807373,5.379306316375732,2.774686098098755,0.06666666666666667,4,0.11666666666666667,7,OIL,daily,with_exog,d_OIL_CRASH_1,OIL_CRASH,2659,60,22,32,1,0.0,0.001,0.0,64,80,10
85.47013092041016,9.24500560760498,6.128663063049316,3.084265947341919,0.05,3,0.1,6,OIL,daily,with_exog,d_OIL_CRASH_2,OIL_CRASH,2770,60,22,32,1,0.0,0.001,0.0,64,80,10
91.6463851928711,9.573211669921875,5.610984802246094,2.625434637069702,0.016666666666666666,1,0.08333333333333333,5,OIL,daily,with_exog,d_OIL_CRASH_3,OIL_CRASH,2833,60,22,32,1,0.0,0.001,0.0,64,80,10
343.92474365234375,18.545207977294922,9.90064811706543,3.5009727478027344,0.03333333333333333,2,0.15,9,OIL,daily,with_exog,d_OIL_CRASH_4,OIL_CRASH,2941,60,22,32,1,0.0,0.001,0.0,64,80,10
150.53684997558594,12.269346237182617,8.664373397827148,3.3434903621673584,0.016666666666666666,1,0.016666666666666666,1,OIL,daily,with_exog,d_OIL_CRASH_5,OIL_CRASH,3020,60,22,32,1,0.0,0.001,0.0,64,80,10
16733.966796875,129.35983276367188,51.46617889404297,4.765465259552002,0.016666666666666666,1,0.11666666666666667,7,OIL,daily,with_exog,d_COVID_1,COVID,4038,60,22,32,1,0.0,0.001,0.0,64,80,10
92.71903228759766,9.629072189331055,5.134007453918457,2.558990955352783,0.05,3,0.11666666666666667,7,OIL,daily,with_exog,d_COVID_2,COVID,4102,60,22,32,1,0.0,0.001,0.0,64,80,10
80.4385986328125,8.968756675720215,4.72108793258667,2.320901393890381,0.0,0,0.03333333333333333,2,OIL,daily,with_exog,d_COVID_3,COVID,4179,60,22,32,1,0.0,0.001,0.0,64,80,10
748.4221801757812,27.3573055267334,14.39372730255127,16.91105079650879,0.15,9,0.21666666666666667,13,OIL,daily,with_exog,d_ENERGY_22_1,ENERGY_22,4514,60,22,32,1,0.0,0.001,0.0,64,80,10
142.51040649414062,11.937771797180176,8.878494262695312,3.1357531547546387,0.016666666666666666,1,0.06666666666666667,4,OIL,daily,with_exog,d_ENERGY_22_2,ENERGY_22,4604,60,22,32,1,0.0,0.001,0.0,64,80,10
39.96393966674805,6.321703910827637,4.755186080932617,2.545929431915283,0.016666666666666666,1,0.05,3,OIL,daily,with_exog,d_ENERGY_22_3,ENERGY_22,4692,60,22,32,1,0.0,0.001,0.0,64,80,10
37.986873626708984,6.163349151611328,4.788355350494385,2.515136957168579,0.0,0,0.05,3,OIL,daily,with_exog,d_ENERGY_22_4,ENERGY_22,4809,60,22,32,1,0.0,0.001,0.0,64,80,10
27.6029052734375,5.253846645355225,3.12542462348938,2.23298978805542,0.05,3,0.06666666666666667,4,OIL,daily,with_exog,d_CALM_17_19_1,CALM_17_19,3282,60,22,32,1,0.0,0.001,0.0,64,80,10
5.21670389175415,2.284010410308838,1.690329670906067,1.6131126880645752,0.0,0,0.05,3,OIL,daily,with_exog,d_CALM_17_19_2,CALM_17_19,3431,60,22,32,1,0.0,0.001,0.0,64,80,10
132.11495971679688,11.49412727355957,6.012694835662842,2.7398157119750977,0.05,3,0.13333333333333333,8,OIL,daily,with_exog,d_CALM_17_19_3,CALM_17_19,3668,60,22,32,1,0.0,0.001,0.0,64,80,10
32.82942581176758,5.729696750640869,4.458593845367432,2.1839842796325684,0.0,0,0.016666666666666666,1,OIL,daily,with_exog,d_CALM_17_19_4,CALM_17_19,3740,60,22,32,1,0.0,0.001,0.0,64,80,10
10677.001953125,103.32958221435547,20.170576095581055,4.07731294631958,0.05,3,0.08333333333333333,5,OIL,daily,with_exog,d_CALM_17_19_5,CALM_17_19,3977,60,22,32,1,0.0,0.001,0.0,64,80,10
492.14288330078125,22.184293746948242,11.63099193572998,3.8345987796783447,0.07692307692307693,2,0.07692307692307693,2,OIL,weekly,no_exog,w_GFC_1,GFC,174,26,22,32,1,0.0,0.001,0.0,64,80,10
92831.984375,304.68341064453125,183.09994506835938,19.190019607543945,0.38461538461538464,10,0.5,13,OIL,weekly,no_exog,w_GFC_2,GFC,224,26,22,32,1,0.0,0.001,0.0,64,80,10
1303.0611572265625,36.097938537597656,24.73618507385254,4.844025135040283,0.07692307692307693,2,0.11538461538461539,3,OIL,weekly,no_exog,w_GFC_3,GFC,257,26,22,32,1,0.0,0.001,0.0,64,80,10
2810.886474609375,53.01779556274414,19.598344802856445,13.974985122680664,0.23076923076923078,6,0.38461538461538464,10,OIL,weekly,no_exog,w_OIL_CRASH_1,OIL_CRASH,522,26,22,32,1,0.0,0.001,0.0,64,80,10
664.9995727539062,25.787586212158203,20.75531768798828,3.938403606414795,0.0,0,0.11538461538461539,3,OIL,weekly,no_exog,w_OIL_CRASH_2,OIL_CRASH,556,26,22,32,1,0.0,0.001,0.0,64,80,10
2564.859130859375,50.644439697265625,34.93933868408203,5.071240425109863,0.11538461538461539,3,0.19230769230769232,5,OIL,weekly,no_exog,w_OIL_CRASH_3,OIL_CRASH,584,26,22,32,1,0.0,0.001,0.0,64,80,10
232.94058227539062,15.262391090393066,12.25363826751709,3.362194299697876,0.0,0,0.0,0,OIL,weekly,no_exog,w_CALM_17_19_1,CALM_17_19,681,26,22,32,1,0.0,0.001,0.0,64,80,10
1127.0050048828125,33.57089614868164,19.636802673339844,4.113296031951904,0.07692307692307693,2,0.11538461538461539,3,OIL,weekly,no_exog,w_CALM_17_19_2,CALM_17_19,739,26,22,32,1,0.0,0.001,0.0,64,80,10
594.000244140625,24.372119903564453,18.813478469848633,3.8447370529174805,0.0,0,0.11538461538461539,3,OIL,weekly,no_exog,w_CALM_17_19_3,CALM_17_19,775,26,22,32,1,0.0,0.001,0.0,64,80,10
498.4885559082031,22.32685661315918,11.564215660095215,3.8609654903411865,0.07692307692307693,2,0.11538461538461539,3,OIL,weekly,with_exog,w_GFC_1,GFC,174,26,22,32,1,0.0,0.001,0.0,64,80,10
93096.046875,305.116455078125,183.6428985595703,20.43630027770996,0.4230769230769231,11,0.5,13,OIL,weekly,with_exog,w_GFC_2,GFC,224,26,22,32,1,0.0,0.001,0.0,64,80,10
1314.8780517578125,36.26124572753906,24.763099670410156,4.875168323516846,0.07692307692307693,2,0.11538461538461539,3,OIL,weekly,with_exog,w_GFC_3,GFC,257,26,22,32,1,0.0,0.001,0.0,64,80,10
2583.78857421875,50.83098220825195,19.887718200683594,4.31196928024292,0.07692307692307693,2,0.11538461538461539,3,OIL,weekly,with_exog,w_OIL_CRASH_1,OIL_CRASH,522,26,22,32,1,0.0,0.001,0.0,64,80,10
629.9168701171875,25.09814453125,19.173168182373047,3.891157865524292,0.0,0,0.11538461538461539,3,OIL,weekly,with_exog,w_OIL_CRASH_2,OIL_CRASH,556,26,22,32,1,0.0,0.001,0.0,64,80,10
2617.4345703125,51.16086959838867,35.0432014465332,5.132177352905273,0.11538461538461539,3,0.19230769230769232,5,OIL,weekly,with_exog,w_OIL_CRASH_3,OIL_CRASH,584,26,22,32,1,0.0,0.001,0.0,64,80,10
202.78834533691406,14.240377426147461,9.42503833770752,3.318816661834717,0.0,0,0.038461538461538464,1,OIL,weekly,with_exog,w_CALM_17_19_1,CALM_17_19,681,26,22,32,1,0.0,0.001,0.0,64,80,10
1200.43310546875,34.64726638793945,19.24696922302246,4.210590839385986,0.07692307692307693,2,0.15384615384615385,4,OIL,weekly,with_exog,w_CALM_17_19_2,CALM_17_19,739,26,22,32,1,0.0,0.001,0.0,64,80,10
600.7081909179688,24.509349822998047,18.61661720275879,3.844461679458618,0.0,0,0.07692307692307693,2,OIL,weekly,with_exog,w_CALM_17_19_3,CALM_17_19,775,26,22,32,1,0.0,0.001,0.0,64,80,10
6.712369441986084,2.5908241271972656,1.5209373235702515,1.7133939266204834,0.05,3,0.08333333333333333,5,GOLD,daily,no_exog,d_GFC_1,GFC,904,60,10,64,1,0.2,0.001,0.0,64,80,10
26.798377990722656,5.176714897155762,2.280066967010498,2.486863613128662,0.03333333333333333,2,0.1,6,GOLD,daily,no_exog,d_GFC_2,GFC,977,60,10,64,1,0.2,0.001,0.0,64,80,10
7.596534252166748,2.756181001663208,1.7213667631149292,2.392040729522705,0.016666666666666666,1,0.11666666666666667,7,GOLD,daily,no_exog,d_GFC_3,GFC,1052,60,10,64,1,0.2,0.001,0.0,64,80,10
61.17863082885742,7.821677207946777,5.377062797546387,2.7930214405059814,0.016666666666666666,1,0.05,3,GOLD,daily,no_exog,d_GFC_4,GFC,1175,60,10,64,1,0.2,0.001,0.0,64,80,10
56.522071838378906,7.518116474151611,3.6467645168304443,1.8596824407577515,0.0,0,0.05,3,GOLD,daily,no_exog,d_GFC_5,GFC,1264,60,10,64,1,0.2,0.001,0.0,64,80,10
7.281249046325684,2.6983790397644043,1.6118395328521729,1.2371313571929932,0.05,3,0.08333333333333333,5,GOLD,daily,no_exog,d_OIL_CRASH_1,OIL_CRASH,2659,60,10,64,1,0.2,0.001,0.0,64,80,10
2.7561450004577637,1.6601641178131104,1.2001011371612549,1.0103956460952759,0.016666666666666666,1,0.05,3,GOLD,daily,no_exog,d_OIL_CRASH_2,OIL_CRASH,2770,60,10,64,1,0.2,0.001,0.0,64,80,10
1.109731674194336,1.0534380674362183,0.7445472478866577,0.5258568525314331,0.03333333333333333,2,0.05,3,GOLD,daily,no_exog,d_OIL_CRASH_3,OIL_CRASH,2833,60,10,64,1,0.2,0.001,0.0,64,80,10
2.9419407844543457,1.715208649635315,1.2263251543045044,1.2904894351959229,0.03333333333333333,2,0.06666666666666667,4,GOLD,daily,no_exog,d_OIL_CRASH_4,OIL_CRASH,2941,60,10,64,1,0.2,0.001,0.0,64,80,10
3.5827624797821045,1.8928186893463135,1.4473379850387573,1.3421071767807007,0.016666666666666666,1,0.05,3,GOLD,daily,no_exog,d_OIL_CRASH_5,OIL_CRASH,3020,60,10,64,1,0.2,0.001,0.0,64,80,10
39.65523910522461,6.297240734100342,3.0906283855438232,2.0445642471313477,0.03333333333333333,2,0.06666666666666667,4,GOLD,daily,no_exog,d_COVID_1,COVID,4038,60,10,64,1,0.2,0.001,0.0,64,80,10
10.288228988647461,3.207526922225952,1.6780998706817627,1.7217121124267578,0.06666666666666667,4,0.1,6,GOLD,daily,no_exog,d_COVID_2,COVID,4102,60,10,64,1,0.2,0.001,0.0,64,80,10
22.641361236572266,4.758294105529785,2.422959566116333,2.2215683460235596,0.06666666666666667,4,0.06666666666666667,4,GOLD,daily,no_exog,d_COVID_3,COVID,4179,60,10,64,1,0.2,0.001,0.0,64,80,10
2.7404885292053223,1.6554421186447144,1.1162917613983154,1.3792043924331665,0.03333333333333333,2,0.06666666666666667,4,GOLD,daily,no_exog,d_ENERGY_22_1,ENERGY_22,4514,60,10,64,1,0.2,0.001,0.0,64,80,10
1.0924433469772339,1.0452001094818115,0.7437459826469421,0.6891769170761108,0.016666666666666666,1,0.05,3,GOLD,daily,no_exog,d_ENERGY_22_2,ENERGY_22,4604,60,10,64,1,0.2,0.001,0.0,64,80,10
3.3895976543426514,1.8410860300064087,1.1112091541290283,0.8092386722564697,0.016666666666666666,1,0.016666666666666666,1,GOLD,daily,no_exog,d_ENERGY_22_3,ENERGY_22,4692,60,10,64,1,0.2,0.001,0.0,64,80,10
0.40702423453330994,0.6379845142364502,0.5620521903038025,0.224693164229393,0.0,0,0.05,3,GOLD,daily,no_exog,d_ENERGY_22_4,ENERGY_22,4809,60,10,64,1,0.2,0.001,0.0,64,80,10
0.8422271013259888,0.9177293181419373,0.6990998983383179,0.30963361263275146,0.0,0,0.016666666666666666,1,GOLD,daily,no_exog,d_CALM_17_19_1,CALM_17_19,3282,60,10,64,1,0.2,0.001,0.0,64,80,10
0.31291884183883667,0.5593914985656738,0.41022396087646484,0.13974431157112122,0.016666666666666666,1,0.03333333333333333,2,GOLD,daily,no_exog,d_CALM_17_19_2,CALM_17_19,3431,60,10,64,1,0.2,0.001,0.0,64,80,10
1.3827160596847534,1.175889492034912,0.6323978900909424,0.3605203330516815,0.0,0,0.016666666666666666,1,GOLD,daily,no_exog,d_CALM_17_19_3,CALM_17_19,3668,60,10,64,1,0.2,0.001,0.0,64,80,10
0.4755546748638153,0.6896046996116638,0.5772416591644287,0.1730806678533554,0.0,0,0.03333333333333333,2,GOLD,daily,no_exog,d_CALM_17_19_4,CALM_17_19,3740,60,10,64,1,0.2,0.001,0.0,64,80,10
8.476222038269043,2.911395311355591,1.1533229351043701,0.9474442005157471,0.03333333333333333,2,0.05,3,GOLD,daily,no_exog,d_CALM_17_19_5,CALM_17_19,3977,60,10,64,1,0.2,0.001,0.0,64,80,10
6.52409029006958,2.554229974746704,1.4068630933761597,1.6494215726852417,0.05,3,0.06666666666666667,4,GOLD,daily,with_exog,d_GFC_1,GFC,904,60,22,32,1,0.0,0.001,0.0,64,80,10
28.665071487426758,5.353977203369141,2.5695414543151855,3.551494598388672,0.05,3,0.1,6,GOLD,daily,with_exog,d_GFC_2,GFC,977,60,22,32,1,0.0,0.001,0.0,64,80,10
6.8538055419921875,2.6179773807525635,1.800246000289917,1.7301236391067505,0.0,0,0.05,3,GOLD,daily,with_exog,d_GFC_3,GFC,1052,60,22,32,1,0.0,0.001,0.0,64,80,10
58.7530403137207,7.665053367614746,6.576659202575684,2.704296112060547,0.0,0,0.03333333333333333,2,GOLD,daily,with_exog,d_GFC_4,GFC,1175,60,22,32,1,0.0,0.001,0.0,64,80,10
68.78047180175781,8.2933988571167,5.115012168884277,2.1554832458496094,0.0,0,0.016666666666666666,1,GOLD,daily,with_exog,d_GFC_5,GFC,1264,60,22,32,1,0.0,0.001,0.0,64,80,10
7.08293342590332,2.6613781452178955,1.8745616674423218,1.294826865196228,0.06666666666666667,4,0.1,6,GOLD,daily,with_exog,d_OIL_CRASH_1,OIL_CRASH,2659,60,22,32,1,0.0,0.001,0.0,64,80,10
2.9123411178588867,1.7065582275390625,1.1190299987792969,1.0176087617874146,0.016666666666666666,1,0.06666666666666667,4,GOLD,daily,with_exog,d_OIL_CRASH_2,OIL_CRASH,2770,60,22,32,1,0.0,0.001,0.0,64,80,10
1.1466339826583862,1.0708099603652954,0.773708701133728,0.5278624296188354,0.016666666666666666,1,0.06666666666666667,4,GOLD,daily,with_exog,d_OIL_CRASH_3,OIL_CRASH,2833,60,22,32,1,0.0,0.001,0.0,64,80,10
2.599299430847168,1.612234354019165,1.0974184274673462,1.3365881443023682,0.03333333333333333,2,0.08333333333333333,5,GOLD,daily,with_exog,d_OIL_CRASH_4,OIL_CRASH,2941,60,22,32,1,0.0,0.001,0.0,64,80,10
2.3120715618133545,1.5205497741699219,0.989375650882721,1.3614768981933594,0.03333333333333333,2,0.1,6,GOLD,daily,with_exog,d_OIL_CRASH_5,OIL_CRASH,3020,60,22,32,1,0.0,0.001,0.0,64,80,10
61.38115310668945,7.8346123695373535,4.682197093963623,4.582858085632324,0.13333333333333333,8,0.18333333333333332,11,GOLD,daily,with_exog,d_COVID_1,COVID,4038,60,22,32,1,0.0,0.001,0.0,64,80,10
11.720727920532227,3.4235548973083496,1.8413455486297607,3.3600714206695557,0.1,6,0.1,6,GOLD,daily,with_exog,d_COVID_2,COVID,4102,60,22,32,1,0.0,0.001,0.0,64,80,10
19.3419132232666,4.39794397354126,2.0726640224456787,3.3972318172454834,0.08333333333333333,5,0.08333333333333333,5,GOLD,daily,with_exog,d_COVID_3,COVID,4179,60,22,32,1,0.0,0.001,0.0,64,80,10
8.918635368347168,2.9864084720611572,2.0502870082855225,3.6835086345672607,0.016666666666666666,1,0.03333333333333333,2,GOLD,daily,with_exog,d_ENERGY_22_1,ENERGY_22,4514,60,22,32,1,0.0,0.001,0.0,64,80,10
1.527119755744934,1.235766887664795,0.9004310965538025,0.7689545154571533,0.016666666666666666,1,0.03333333333333333,2,GOLD,daily,with_exog,d_ENERGY_22_2,ENERGY_22,4604,60,22,32,1,0.0,0.001,0.0,64,80,10
5.6080193519592285,2.3681256771087646,1.5340267419815063,1.6955960988998413,0.03333333333333333,2,0.08333333333333333,5,GOLD,daily,with_exog,d_ENERGY_22_3,ENERGY_22,4692,60,22,32,1,0.0,0.001,0.0,64,80,10
1.8684909343719482,1.3669275045394897,0.8785459399223328,0.36209216713905334,0.016666666666666666,1,0.03333333333333333,2,GOLD,daily,with_exog,d_ENERGY_22_4,ENERGY_22,4809,60,22,32,1,0.0,0.001,0.0,64,80,10
0.8719932436943054,0.9338057637214661,0.6293285489082336,0.30391401052474976,0.0,0,0.016666666666666666,1,GOLD,daily,with_exog,d_CALM_17_19_1,CALM_17_19,3282,60,22,32,1,0.0,0.001,0.0,64,80,10
0.3030659258365631,0.5505142211914062,0.3895866572856903,0.13390661776065826,0.016666666666666666,1,0.05,3,GOLD,daily,with_exog,d_CALM_17_19_2,CALM_17_19,3431,60,22,32,1,0.0,0.001,0.0,64,80,10
1.5449423789978027,1.2429571151733398,0.7305523157119751,0.39074525237083435,0.0,0,0.016666666666666666,1,GOLD,daily,with_exog,d_CALM_17_19_3,CALM_17_19,3668,60,22,32,1,0.0,0.001,0.0,64,80,10
0.4675738215446472,0.6837937235832214,0.556633710861206,0.13583770394325256,0.0,0,0.05,3,GOLD,daily,with_exog,d_CALM_17_19_4,CALM_17_19,3740,60,22,32,1,0.0,0.001,0.0,64,80,10
8.986708641052246,2.997783899307251,1.4458047151565552,0.9354270100593567,0.0,0,0.05,3,GOLD,daily,with_exog,d_CALM_17_19_5,CALM_17_19,3977,60,22,32,1,0.0,0.001,0.0,64,80,10
222.6133575439453,14.920232772827148,8.824128150939941,3.6951305866241455,0.07692307692307693,2,0.11538461538461539,3,GOLD,weekly,no_exog,w_GFC_1,GFC,174,26,22,32,1,0.0,0.001,0.0,64,80,10
726.9351196289062,26.961734771728516,18.091623306274414,4.488650321960449,0.07692307692307693,2,0.19230769230769232,5,GOLD,weekly,no_exog,w_GFC_2,GFC,224,26,22,32,1,0.0,0.001,0.0,64,80,10
97.30122375488281,9.86413860321045,8.93293571472168,2.877802610397339,0.0,0,0.0,0,GOLD,weekly,no_exog,w_GFC_3,GFC,257,26,22,32,1,0.0,0.001,0.0,64,80,10
28.246639251708984,5.314756870269775,3.713294744491577,2.2529683113098145,0.038461538461538464,1,0.038461538461538464,1,GOLD,weekly,no_exog,w_OIL_CRASH_1,OIL_CRASH,522,26,22,32,1,0.0,0.001,0.0,64,80,10
24.825847625732422,4.9825544357299805,4.017886161804199,2.299997568130493,0.0,0,0.07692307692307693,2,GOLD,weekly,no_exog,w_OIL_CRASH_2,OIL_CRASH,556,26,22,32,1,0.0,0.001,0.0,64,80,10
95.527099609375,9.773797035217285,5.445952415466309,2.805654764175415,0.0,0,0.038461538461538464,1,GOLD,weekly,no_exog,w_OIL_CRASH_3,OIL_CRASH,584,26,22,32,1,0.0,0.001,0.0,64,80,10
9.294049263000488,3.048614263534546,2.7129697799682617,2.109651565551758,0.0,0,0.0,0,GOLD,weekly,no_exog,w_CALM_17_19_1,CALM_17_19,681,26,22,32,1,0.0,0.001,0.0,64,80,10
6.271926403045654,2.5043814182281494,1.9251335859298706,1.7459784746170044,0.038461538461538464,1,0.038461538461538464,1,GOLD,weekly,no_exog,w_CALM_17_19_2,CALM_17_19,739,26,22,32,1,0.0,0.001,0.0,64,80,10
18.81539535522461,4.337671756744385,2.486680030822754,2.8833181858062744,0.0,0,0.0,0,GOLD,weekly,no_exog,w_CALM_17_19_3,CALM_17_19,775,26,22,32,1,0.0,0.001,0.0,64,80,10
234.04994201660156,15.298690795898438,8.337369918823242,3.799680471420288,0.07692307692307693,2,0.11538461538461539,3,GOLD,weekly,with_exog,w_GFC_1,GFC,174,26,10,32,1,0.2,0.001,0.0,64,80,10
750.563232421875,27.39640998840332,17.976341247558594,4.611504554748535,0.11538461538461539,3,0.19230769230769232,5,GOLD,weekly,with_exog,w_GFC_2,GFC,224,26,10,32,1,0.2,0.001,0.0,64,80,10
86.53134155273438,9.30222225189209,8.943843841552734,2.7928683757781982,0.0,0,0.0,0,GOLD,weekly,with_exog,w_GFC_3,GFC,257,26,10,32,1,0.2,0.001,0.0,64,80,10
29.432100296020508,5.425136089324951,4.230988025665283,2.2693748474121094,0.0,0,0.038461538461538464,1,GOLD,weekly,with_exog,w_OIL_CRASH_1,OIL_CRASH,522,26,10,32,1,0.2,0.001,0.0,64,80,10
27.199296951293945,5.215294361114502,4.05263614654541,2.547718048095703,0.07692307692307693,2,0.15384615384615385,4,GOLD,weekly,with_exog,w_OIL_CRASH_2,OIL_CRASH,556,26,10,32,1,0.2,0.001,0.0,64,80,10
98.10067749023438,9.90457820892334,6.206629276275635,3.074777126312256,0.038461538461538464,1,0.038461538461538464,1,GOLD,weekly,with_exog,w_OIL_CRASH_3,OIL_CRASH,584,26,10,32,1,0.2,0.001,0.0,64,80,10
7.179980278015137,2.679548501968384,2.0769121646881104,1.9352195262908936,0.0,0,0.038461538461538464,1,GOLD,weekly,with_exog,w_CALM_17_19_1,CALM_17_19,681,26,10,32,1,0.2,0.001,0.0,64,80,10
22.419206619262695,4.73489236831665,4.373344898223877,1.9589945077896118,0.0,0,0.0,0,GOLD,weekly,with_exog,w_CALM_17_19_2,CALM_17_19,739,26,10,32,1,0.2,0.001,0.0,64,80,10
17.348072052001953,4.165101528167725,3.0483016967773438,1.8698904514312744,0.0,0,0.0,0,GOLD,weekly,with_exog,w_CALM_17_19_3,CALM_17_19,775,26,10,32,1,0.2,0.001,0.0,64,80,10
