date,ret_pct,realized_var,pred_var,pred_vol,VaR_1,VaR_5
2008-04-28,0.19387485086917877,0.03758745640516281,2.370313882827759,1.539582372862121,-3.581604180018548,-2.5323876499928133
2008-04-29,-2.6625027656555176,7.088921070098877,3.6398937702178955,1.9078505628633222,-4.438324100904711,-3.138134918007143
2008-04-30,-1.8945070505142212,3.5891568660736084,2.9008755683898926,1.7031956929225405,-3.9622256793058686,-2.8015076129117666
2008-05-01,-0.8319389820098877,0.6921224594116211,2.766324520111084,1.6632271402640963,-3.8692449218004077,-2.735765194107524
2008-05-02,3.3214058876037598,11.031737327575684,6.81522798538208,2.610599162143066,-6.073161810824322,-4.294053500367497
2008-05-05,3.0896711349487305,9.54606819152832,3.132936716079712,1.770010371743542,-4.117659865335828,-2.9114079797040886
2008-05-06,1.546695590019226,2.3922672271728516,3.30989146232605,1.8193107107709914,-4.2323496042218265,-2.992499821163326
2008-05-07,1.377535343170166,1.8976036310195923,3.229940414428711,1.7972034983353196,-4.180920537571132,-2.9561366926067243
2008-05-08,0.12944234907627106,0.016755321994423866,5.234610080718994,2.287927026965457,-5.322514175141672,-3.7633050685044305
2008-05-09,1.8185933828353882,3.307281970977783,3.76108980178833,1.9393529337870221,-4.511609574530306,-3.1899517070785617
2008-05-12,-1.3829675912857056,1.9125993251800537,2.5590760707855225,1.5997112460645897,-3.7214848563615823,-2.6312908451643993
2008-05-13,1.255865454673767,1.5771980285644531,5.0602593421936035,2.249502020935657,-5.23312424405424,-3.7001015579706817
2008-05-14,-1.263917088508606,1.5974863767623901,3.4045634269714355,1.8451459093988842,-4.2924512636252485,-3.034994941329427
2008-05-15,-0.08053352683782578,0.0064856489188969135,3.402491569519043,1.84458438937313,-4.291144972707103,-3.0340713230784595
2008-05-16,1.7331994771957397,3.0039803981781006,3.685176372528076,1.9196813205654932,-4.465846558933449,-3.157594782723143
2008-05-19,0.5999876856803894,0.35998523235321045,2.7719638347625732,1.6649215701535534,-3.8731867551714574,-2.738552283256812
2008-05-20,1.5774216651916504,2.4882590770721436,2.908660411834717,1.7054795254809472,-3.967538668322783,-2.805264183178812
2008-05-21,3.1271543502807617,9.779094696044922,2.3901147842407227,1.545999606804841,-3.5965328985584173,-2.5429430605184926
2008-05-22,-1.7880624532699585,3.19716739654541,2.586564064025879,1.6082798463034593,-3.7414184013107827,-2.6453849383452015
2008-05-23,1.049443006515503,1.1013306379318237,3.6587634086608887,1.9127894313438918,-4.449813627094652,-3.1462586337404446
2008-05-27,-2.559131622314453,6.549154758453369,3.328312873840332,1.8243664308028504,-4.2441109677696875,-3.0008157405945806
2008-05-28,1.6777310371398926,2.814781427383423,3.0277490615844727,1.7400428332614324,-4.047944945897735,-2.8621157653409828
2008-05-29,-3.423579692840576,11.720897674560547,4.282465934753418,2.0694119780153537,-4.814172155570669,-3.403879797695375
2008-05-30,0.5748692154884338,0.3304746150970459,3.79487943649292,1.948045029380204,-4.531830412634465,-3.204248932040816
2008-06-02,0.32143309712409973,0.10331923514604568,3.059213399887085,1.7490607193253997,-4.068923685970987,-2.876948867940735
2008-06-03,-2.7375094890594482,7.493957996368408,4.72981595993042,2.1748140058245027,-5.059373938884076,-3.5772507054252936
2008-06-04,-1.6301357746124268,2.6573426723480225,7.461610794067383,2.7315949176382985,-6.354640029388621,-4.493073807639563
2008-06-05,4.391122817993164,19.281959533691406,4.126896858215332,2.031476521699262,-4.7259210874189606,-3.3414815247837923
2008-06-06,8.077075004577637,65.23914337158203,5.07960844039917,2.2537986690028835,-5.243119742150935,-3.7071689151277933
2008-06-09,-3.071066379547119,9.431448936462402,4.638303279876709,2.1536720455716347,-5.010190384596761,-3.5424752754224995
2008-06-10,-2.288745880126953,5.2383575439453125,4.7069854736328125,2.1695588200444837,-5.04714854861704,-3.5686066940347256
2008-06-11,3.788422107696533,14.352142333984375,7.447963714599609,2.7290957686749673,-6.348826139510864,-4.488963073402936
2008-06-12,0.2636209726333618,0.0694960206747055,2.6724793910980225,1.634771969143716,-3.8030482949590425,-2.688960602684641
2008-06-13,-1.3844144344329834,1.9166033267974854,6.487740516662598,2.547104339571231,-5.925450765321734,-4.189613811167574
2008-06-16,-0.18554946780204773,0.03442860394716263,6.027096271514893,2.4550145155405687,-5.711217798967207,-4.038139530105416
2008-06-17,-0.4467329978942871,0.19957037270069122,3.002873420715332,1.732880094154045,-4.031281923002955,-2.8503341079412894
2008-06-18,1.9727990627288818,3.8919360637664795,7.12539005279541,2.669342625590692,-6.209819542129503,-4.390677899279016
2008-06-19,-3.537095069885254,12.511041641235352,6.740579605102539,2.596262622521562,-6.039810032354734,-4.270471991173133
2008-06-20,2.018453598022461,4.074154853820801,4.04889440536499,2.0121864738052957,-4.681045725510685,-3.309752219541334
2008-06-23,1.5625394582748413,2.4415295124053955,3.346764087677002,1.8294163243168575,-4.255858776810131,-3.009122076256814
2008-06-24,0.18995732069015503,0.03608378395438194,5.13555383682251,2.2661760383567975,-5.271913809033631,-3.7275278760016968
2008-06-25,-1.8045027256011963,3.256230115890503,4.296529769897461,2.07280721966551,-4.822070668765365,-3.409464473238011
2008-06-26,3.7131779193878174,13.787690162658691,4.603884220123291,2.145666381365773,-4.99156642469117,-3.5293071296173326
2008-06-27,0.40736687183380127,0.16594776511192322,7.422031879425049,2.724340632047514,-6.3377640375268145,-4.4811415696746195
2008-06-30,-0.1498924046754837,0.022467732429504395,3.946782350540161,1.9866510389447265,-4.621641420910092,-3.267750166895144
2008-07-01,0.6904687881469727,0.47674715518951416,5.0672736167907715,2.251060553781433,-5.236749933626634,-3.7026651163747797
2008-07-02,1.827566146850586,3.3399980068206787,3.6985137462615967,1.9231520340996435,-4.473920645985024,-3.1633035984679
2008-07-03,1.1908926963806152,1.4182254076004028,4.455726146697998,2.1108591015740483,-4.9105925833465465,-3.4720542492075994
2008-07-07,-2.735116720199585,7.480863571166992,4.235591411590576,2.0580552498877616,-4.787752455234985,-3.385199642244403
2008-07-08,-3.8431622982025146,14.769896507263184,9.985445976257324,3.1599756290606615,-7.351202586686139,-5.197697374538689
2008-07-09,0.0073576876893639565,5.4135569371283054e-05,5.461187839508057,2.336918449477443,-5.436485266748668,-3.843888787512783
2008-07-10,4.033669471740723,16.270488739013672,4.618143081665039,2.1489865243097825,-4.999290232170478,-3.534768278780784
2008-07-11,2.3926143646240234,5.724603652954102,2.6891119480133057,1.6398511969118739,-3.8148643456792657,-2.6973151889012086
2008-07-14,0.06889744102954865,0.004746857564896345,2.1529595851898193,1.4672966929662927,-3.4134425422692916,-2.4134882872395074
2008-07-15,-4.537258148193359,20.586711883544922,8.183817863464355,2.8607372936822344,-6.6550701213470145,-4.705494113268562
2008-07-16,-3.0294253826141357,9.177417755126953,5.683476448059082,2.384004288599138,-5.546023308486851,-3.921338100770156
2008-07-17,-4.024957180023193,16.200281143188477,6.625942230224609,2.5740905637184968,-5.988230110495114,-4.234002199833929
2008-07-18,-0.3176114559173584,0.10087703913450241,4.356179237365723,2.087146194535908,-4.85542811247104,-3.4330499880603513
2008-07-21,1.6620792150497437,2.762507200241089,4.141451358795166,2.035055615651613,-4.734247305026004,-3.347368610452517
2008-07-22,-2.386302947998047,5.694441795349121,3.36525297164917,1.834462583878224,-4.267598132012574,-3.017422434598866
